"","INDEX","TEAM_BATTING_H","TEAM_BATTING_2B","TEAM_BATTING_3B","TEAM_BATTING_HR","TEAM_BATTING_BB","TEAM_BATTING_SO","TEAM_BASERUN_SB","TEAM_BASERUN_CS","TEAM_BATTING_HBP","TEAM_PITCHING_H","TEAM_PITCHING_HR","TEAM_PITCHING_BB","TEAM_PITCHING_SO","TEAM_FIELDING_E","TEAM_FIELDING_DP"
"1",9,-1.72838314590129,-1.44034827095175,-0.844058081534428,-0.224262523149754,-0.430853318339101,1.52466854339858,-0.66071954280364,-0.100402972291291,NA,-0.363496642171069,-0.332091804983028,-0.609522690649205,0.441950759343419,-0.475304457498469,0.384138175210748
"2",10,-1.64873108235743,-1.82406166643429,-0.9914197553581,-0.1355033643848,0.141323218187471,0.903553431310615,-0.746383688019897,-0.576499271978315,NA,-0.35628039007043,-0.245368899668848,-0.210563601736194,0.203895251894242,-0.496958609563923,0.693210972557199
"3",14,-0.493776160971517,-1.17780752667422,-0.9914197553581,-0.0467442056198448,0.0832763231775287,0.438745433522935,-0.692843597259736,-0.230247417660479,NA,-0.25164473461116,-0.158645994354667,-0.251037712205629,0.0257477529422099,-0.406011170889018,0.268235876205829
"4",47,0.462048601554756,1.36681814863108,-0.9914197553581,1.12487669007756,-0.107449188997995,0.841853254613135,0.260170018271122,0.202567400236815,-1.6029292402886,-0.165049709403489,0.986096355792517,-0.384024075176633,0.180247353803265,-0.54459774410792,0.306869975874135
"5",60,-0.161892562872117,-0.773898689324172,0.445356564422699,-1.60890539988305,-3.3497828959819,-1.20659261174319,NA,NA,NA,1.25595060008073,-1.52886789831872,-1.70810568910532,0.509741400537555,1.58617081913271,-0.620348416165217
"6",63,-0.254819970339949,-0.107449107696595,-0.10724971241607,-1.52014624111809,-2.35469326724004,-1.36701307115663,NA,NA,NA,0.589048635113316,-1.4248004119417,-0.7656371167456,-0.100374370209672,1.39561428095672,-1.58620090787288
"7",74,-0.261457642301937,-0.450771619444135,-0.033568875504234,-1.04084678378734,0.572528723975612,-0.750011304181839,2.58380995726209,NA,NA,-0.162042937694889,-1.07790879068498,0.350291929054561,-0.363654302289224,1.04048618708328,NA
"8",83,-0.560152880591397,-1.68269357336178,-0.512494315431167,-1.1118541107993,-1.18546295346835,-0.412717004902283,0.65636668989631,NA,NA,-0.112731881673854,-1.09525337174782,-0.777201148308296,-0.13348142753704,0.338891660162585,-1.62483500754118
"9",98,-1.39649954780189,-1.29898017787923,0.813760748981878,-1.28937242832921,-0.273297460454973,-0.0836493958490588,0.281586054575186,NA,NA,-0.283516514722317,-1.33807750662752,-0.320421901581805,-0.103527423288469,-0.102853041972668,-0.543080216828605
"10",120,-0.480500817047541,-0.592139712516651,-0.512494315431167,-0.668058316974529,-0.389391250474857,-0.515550632731416,-0.767799724323961,NA,NA,-0.195117426489486,-0.696328007302587,-0.407152138302025,-0.280098395701103,-0.284747919322478,-0.0408369211406219
"11",123,-0.281370658187901,0.033918985375921,-0.586175152343003,-0.810072970998456,-0.0328174668423555,-0.285203306394159,-0.639303506499576,NA,NA,-0.187901174388847,-0.852429236868112,-0.181653522829454,-0.199695542191778,-0.215454632713026,1.42725886625502
"12",135,0.176628707189272,-0.0468627820940884,-0.033568875504234,1.21363584884251,-0.306467114746368,-0.1618029529992,-0.810631796932089,-1.05259557166534,NA,-0.144002307443291,1.22892049067222,-0.384024075176633,-0.149246692931026,-0.431996153367562,1.23408836791349
"13",138,-0.327834361921817,-0.369989851974126,0.0401119614076018,1.60417614740831,0.0998611503232264,0.17137800116719,-0.992668105516635,-1.35556594419345,NA,-0.192110654780886,1.62784585511745,-0.0833592545465379,-0.0152419370821516,-0.488296948737741,0.809113271562118
"14",140,-0.0623274834422967,-0.188230875166605,-1.24930268454953,1.42665782987841,0.0335218417404355,-0.120669501867547,-1.03550017812476,-1.91822520745993,NA,-0.166853772428649,1.43705546342626,-0.13539739657867,-0.13348142753704,-0.54026691369483,0.538674573883973
"15",151,-0.387573409579709,-0.935462224264191,-1.24930268454953,0.805343718523721,-0.115741602570844,-0.182369678565026,-0.692843597259736,-0.18696593587075,NA,-0.242023065143641,0.673893896661467,-0.389806090957981,-0.212307754506966,-0.583575217825737,-1.23849401085812
"16",153,-0.234906954453985,-0.996048549866698,-0.954579336902182,1.01836569955961,-0.538654694786137,0.154924620714529,-0.7142596335638,-0.273528899450209,NA,-0.228191915284083,0.8820288694155,-0.684688895806728,-0.0830325782762878,-0.449319475019925,1.3113565672501
"17",171,-1.14426801324634,-0.75370324745667,-1.24930268454953,0.610073569240821,-0.065987121133751,1.22850769525067,-0.425143143458933,0.116004436657356,NA,-0.300955790632195,0.517792667095942,-0.320421901581805,0.348935693518906,-0.414672831715199,-0.774884814838443
"18",184,-0.155254890910129,0.861932101943517,-1.13878142918177,1.2491395123485,0.547651483257065,1.36424808398513,-0.500099270523158,-0.576499271978315,-0.579871042998461,-0.210151285032485,1.14219758535804,0.113229282019294,0.400961069319057,-0.583575217825737,1.00228376990365
"19",193,-1.28365912444809,-1.60191180589177,-0.144090130871988,-1.39588341884716,-0.961567787001429,NA,0.153089836750801,NA,NA,-0.278104325646838,-1.45948957406738,-0.846585337684472,NA,0.221959239009135,-2.43615110057562
"20",213,1.63027886686465,1.62935889290861,0.59271823824637,0.361547924698947,0.232539767488808,-1.28474616889333,-0.360895034546741,1.32788592676978,NA,0.00152544325293432,0.361691437530417,0.0322810610804218,-0.598556756659603,-0.0768680594941236,1.07955196924026
"21",217,0.335932834276984,1.08408196248604,0.445356564422699,-0.827824802751447,1.07007353834654,-1.02971877187708,-0.500099270523158,-0.14368445408102,NA,-0.116340007724174,-0.869773817930948,0.674084812810048,-0.489776425441105,-0.362702866758111,0.461406374547361
"22",226,0.84703357535006,1.00330019501603,-0.659855989254839,0.04201495314511,1.07836595191939,-0.601930880107888,-0.746383688019897,-0.403373344819397,NA,-0.0670289517031388,0.0321443973365303,0.679866828591396,-0.31478197956787,-0.410342001302108,1.07955196924026
"23",230,-0.108791187176213,0.296459729653451,0.408516145966781,0.166277775416047,1.27738387766777,-0.23995651014934,-0.896295942148346,-0.489936308398856,NA,-0.15302262256909,0.188245626902055,0.859109317813184,-0.160282378706815,-0.306402071387931,0.268235876205829
"24",241,-0.606616584325313,-0.329598968239121,-1.10194101072585,0.397051588204929,0.282294248925902,-0.133009537207043,-1.13187234149305,-0.706343717347504,NA,-0.218570245816564,0.379036018593253,0.0496271084244658,-0.138211007155236,-0.388687849236655,1.07955196924026
"25",291,0.309382146429032,0.720564008871,-1.17562184763769,1.00061386780662,-0.563531935504683,0.792493113255152,-0.371603052698773,-0.706343717347504,-0.658567827405395,-0.178880859263048,0.864684288352664,-0.702034943150772,0.161329035330482,-0.626883521956644,0.693210972557199
"26",294,0.574889024908552,0.942713869413526,-1.32298352146136,1.21363584884251,-0.206958151872182,0.693772830539184,-0.0289464718337453,-0.879469644506422,0.836671076326351,-0.15482668559425,1.0728192611067,-0.453408264552809,0.123492398384918,-0.639876013195916,0.384138175210748
"27",300,0.196541723075236,-1.17780752667422,-1.02826017381402,-1.64440906338903,-3.44929185885609,-2.91774417881996,NA,NA,NA,2.01666384235645,-1.59824622257007,-1.54042723144623,-1.26069790320698,4.21931571029186,NA
"28",348,-0.0357767955943447,0.437827822725968,0.0769523798635197,-0.863328466257429,-0.944982959855731,-0.947451869613773,-0.650011524651608,0.592100736344381,NA,-0.164448355061769,-0.921807561119456,-0.85236735346582,-0.466128527350128,-0.0768680594941236,-0.0022028214723155
"29",350,0.588164368832528,1.5485771254386,0.371675727510863,-1.12960594255229,1.11982801978364,-1.11198567414039,-0.435851161610965,0.505537772764922,NA,-0.104914275231495,-1.181976277062,0.662520781247352,-0.532342642004865,-0.137499685277394,-0.620348416165217
"30",357,0.2164547389612,1.34662270676357,-0.733536826166674,-1.00534312028136,-0.555239521931834,-0.441510420694441,-0.842755851388186,-0.273528899450209,NA,-0.127765740216853,-1.04321962855931,-0.534356485491681,-0.248567864913132,-0.219785463126117,-0.427177917823685
"31",367,0.840395903388072,1.5889680091736,0.0769523798635197,0.610073569240821,1.81639075990294,-0.466190491373432,-0.575055397587383,0.0727229548676269,NA,-0.0808601015626975,0.604515572410122,1.17133817000597,-0.27221576300411,-0.310732901801022,-0.0022028214723155
"32",368,0.508512305288672,0.377241497123461,0.113792798319438,0.255036934181002,1.08665836549224,-0.692424472597524,-0.553639361283319,0.548819254554651,NA,-0.0995020861560156,0.2576239511534,0.685648844372744,-0.351042089974036,-0.35837203634502,0.770479171893812
"33",372,0.309382146429032,0.821541218208512,-0.10724971241607,0.343796092945956,1.85785282776719,-0.058969325170067,-0.821339815084121,-0.619780753768045,NA,-0.131373866267172,0.327002275404744,1.20603026469406,-0.108257002906664,-0.449319475019925,1.07955196924026
"34",382,0.535062993136624,0.680173125135996,-0.328292223151577,0.894102877288676,2.20613419782684,0.0562043379985616,-1.0140841418207,-1.39884742598318,NA,-0.109725109965255,0.899373450478336,1.46043895907337,-0.0609612067247086,-0.310732901801022,1.19545426824518
"35",388,-0.148617218948141,0.377241497123461,-0.070409293960152,0.929606540794658,0.274001835353053,0.928233501989607,-0.907003960300378,-0.836188162716692,NA,-0.209549930690765,0.829995126226992,-0.0775772387651899,0.232272729603416,-0.518612761629376,0.306869975874135
"36",396,-0.128704203062177,0.215677962183442,-1.02826017381402,1.90595728720916,0.788131476869683,0.599165892936382,-0.789215760628025,-0.18696593587075,NA,-0.218570245816564,1.74925792255731,0.240433629208949,0.0872322879787521,-0.406011170889018,-0.581714316496911
"37",398,-0.812384415146942,-0.0468627820940884,-0.733536826166674,0.610073569240821,0.390095625372937,0.771926387689325,-0.585763415739415,-0.922751126296151,NA,-0.243827128168801,0.587170991347286,0.107447266237946,0.218083990748829,-0.492627779150832,0.0364312781959909
"38",403,0.608077384718492,0.377241497123461,0.00327154295168386,2.10122743649206,0.265709421780204,0.829513219273639,-0.617887470195511,-0.230247417660479,NA,-0.145806370468451,1.95739289531134,-0.10648731767193,0.18497693342146,-0.505620270390104,0.654576872888893
"39",407,0.720917808072288,0.215677962183442,-1.10194101072585,0.698832728005776,0.564236310402763,0.290665009448984,-0.810631796932089,-0.230247417660479,NA,0.332871685540621,1.74925792255731,1.72641168501538,0.583838147889285,-0.488296948737741,0.615942773220586
"40",410,0.853671247312048,0.357046055255958,-0.401973060063413,1.51541698864336,0.00864460102188884,0.545692406465233,-0.91771197845241,-1.18244001703453,NA,-0.129569803242013,1.36767713917491,-0.303075854237761,0.0667374429665714,-0.462311966259197,-0.69761661550183
"41",412,0.18326637915126,1.62935889290861,-1.28614310300544,0.876351045535685,0.829593544733927,0.00684419664057795,-0.885587923996314,-0.792906680926963,NA,-0.184894402680247,0.760616801975647,0.292471771241081,-0.13348142753704,-0.518612761629376,0.0364312781959909
"42",414,0.661178760414396,1.38701359049858,-0.623015570798921,0.503562578722875,1.0286114704823,0.0767710635643882,-0.628595488347543,-0.706343717347504,NA,-0.147009079151891,0.379036018593253,0.408112086868041,-0.11298658252486,-0.678853486913732,-0.890787113843362
"43",436,-2.32577362248021,-2.49051124806187,-0.844058081534428,-1.57340173637707,-3.83074288320714,-2.91774417881996,NA,NA,NA,1.38704584657568,-1.32073292556469,-2.40772959864843,-1.26069790320698,5.70912137239507,NA
"44",440,0.926685638893917,-0.915266782396689,2.36105832413043,-0.597050989962565,2.33881281499242,-0.453850456033936,4.41488106125958,NA,NA,0.0706811925507274,-0.488193034548553,2.22366504221131,-0.127175321379446,0.953869578821466,NA
"45",476,0.296106802505056,-1.33937106161424,0.519037401334535,-0.277518018408727,0.962272161899509,-0.400376969562787,2.87292644736696,NA,NA,-0.0062921631894249,-0.123956832228995,1.04413382281632,-0.111410055985461,0.707012245275295,NA
"46",479,1.24529389306934,-0.0872536658290931,2.32421790567451,-0.969839456775375,0.779839063296834,-1.54388691102274,2.1554892311808,NA,NA,0.180729037085476,-0.869773817930948,1.17712018578732,-0.589097597423212,1.24403521649854,NA
"47",481,1.83604669768627,-0.571944270649149,1.84529246574758,-0.472788167691628,0.224247353915959,-1.15311912527204,2.14478121302877,NA,NA,0.218013006272113,-0.28005806179452,0.593136591871176,-0.417256204628774,1.08379449121419,NA
"48",501,-0.998239230082606,-0.349794410106623,0.519037401334535,-0.703561980480511,-0.687918139097416,-0.133009537207043,0.559994526528021,3.4053970526768,NA,-0.250442025927721,-0.748361750491095,-0.64999680111864,-0.130328374458243,0.148335121986593,-1.77937140621441
"49",503,-1.17081870109429,-0.75370324745667,0.519037401334535,-1.37813158709417,-0.51377745406759,-0.326336757525812,0.110257764142672,NA,NA,-0.272692136571358,-1.44214499300454,-0.534356485491681,-0.215460807585763,0.135342630747321,-0.736250715170136
"50",506,-0.327834361921817,-0.127644549564098,0.519037401334535,-1.05859861554033,-0.405976077620555,-1.09553229368772,-0.0289464718337453,3.62180446162545,NA,-0.192110654780886,-1.11259795281065,-0.459190280334157,-0.526036535847271,-0.0552139074286701,-1.08395761218489
"51",519,0.176628707189272,0.559000473930982,-0.070409293960152,-0.348525345420691,-0.721087793388812,-0.861071622237302,-0.735675669867864,NA,NA,-0.144002307443291,-0.384125548171537,-0.690470911588076,-0.43144494348336,-0.315063732214113,0.963649670235343
"52",522,1.03288839028572,0.962909311281028,-0.659855989254839,-0.277518018408727,0.14961563176032,-0.918658453821616,-0.553639361283319,NA,NA,-0.0628194713110993,-0.314747223920192,-0.04866715985845,-0.455092841574338,-0.414672831715199,0.693210972557199
"53",550,-0.520326848819469,-0.0468627820940884,-0.217770967783824,0.876351045535685,0.000352187449039973,1.36424808398513,-0.575055397587383,-0.14368445408102,NA,-0.25405015197804,0.743272220912811,-0.308857870019109,0.380466224306876,-0.380026188410473,0.0364312781959909
"54",554,-0.998239230082606,-0.773898689324172,-0.475653896975249,0.610073569240821,-0.696210552670265,0.595052547823217,-0.885587923996314,-0.966032608085881,NA,-0.297347664581876,0.483103504970269,-0.79454719565234,0.0856557614393536,-0.566251896173374,0.113699477532604
"55",566,-0.387573409579709,0.19548252031594,-0.770377244622592,0.201781438922029,-0.231835392590728,0.833626564386805,-0.328770980090644,0.505537772764922,NA,-0.242023065143641,0.0841781405250387,-0.470754311896853,0.177094300724468,-0.328056223453385,0.113699477532604
"56",578,-0.327834361921817,-0.41038073570913,-0.549334733887085,0.148525943663056,-0.679625725524567,0.438745433522935,-0.500099270523158,-0.0571214905015615,NA,-0.236610876068162,0.0321443973365303,-0.782983164089644,0.0257477529422099,-0.587906048238828,-0.156739220145541
"57",596,0.5483383370606,-0.713312363721666,1.84529246574758,-1.02309495203435,0.555943896829914,-1.26829278844067,2.25186139454909,NA,NA,0.0213701365296923,-0.991185885370801,0.702994891716788,-0.507118217374489,0.698350584449114,-1.04532351251659
"58",599,-1.25710843660014,-0.773898689324172,0.59271823824637,-1.43138708235314,-0.886936064845789,-0.383923589110126,1.10610345228166,NA,NA,-0.281111097355437,-1.49417873619305,-0.811893242996384,-0.239108705676741,0.00108688794150919,-1.77937140621441
"59",605,-2.31913595051822,-2.40972948059186,0.187473635231273,-1.57340173637707,-0.596701589796079,NA,0.752738853264599,NA,NA,-0.377327792030628,-1.65027996575857,-0.580612611742465,NA,0.356214981814947,-1.54756680820457
"60",607,-0.526964520781457,-1.17780752667422,1.03480325971739,-1.37813158709417,-0.447438145484799,NA,0.988315252609305,NA,NA,-0.211353993715924,-1.44214499300454,-0.488100359240897,NA,0.234951730248408,-1.50893270853626
"61",614,0.561613680984576,0.215677962183442,0.924282004349632,-1.18286143781127,-0.0411098804152044,-1.21481930196952,0.538578490223956,NA,NA,-0.0092989348980246,-1.181976277062,0.113229282019294,-0.505541690835091,-0.215454632713026,-0.465812017491992
"62",644,-0.394211081541697,-0.470967061311637,0.482196982878617,-0.898832129763411,1.98223903135992,-0.338676792865308,-0.628595488347543,0.245848882026545,NA,-0.198725552539806,-0.956496723245129,1.29276050141428,-0.220190387203959,-0.466642796672288,1.65906346426486
"63",692,0.24964309877114,0.417632380858465,-1.02826017381402,1.12487669007756,0.613990791839856,0.813059838820978,-0.178858725962195,-0.013840008711832,NA,-0.178880859263048,1.00344093685535,0.142139360926034,0.178670827263866,-0.535936083281739,-0.543080216828605
"64",699,0.0770636277594514,0.861932101943517,-1.35982393991728,2.59827872557581,0.000352187449039973,1.31900128774031,-0.489391252371126,-0.0571214905015615,0.0497032322570107,-0.199928261223246,2.42569658400791,-0.308857870019109,0.363124432373493,-0.648537674022097,0.809113271562118
"65",700,-0.128704203062177,0.235873404050944,-1.21246226609361,1.85270179195019,-0.530362281213288,1.20382762457168,0.142381818598768,0.63538221813411,1.30885178276795,-0.218570245816564,1.6972241793688,-0.67890688002538,0.318981689270334,-0.674522656500642,0.770479171893812
"66",716,1.11254045382958,0.377241497123461,1.36636702582065,-1.23611693307024,-0.0991567754251465,-1.73310078622835,3.45115942757669,NA,NA,0.165093824200758,-1.19932085812483,0.396548055305345,-0.682112663247725,0.30857584727095,NA
"67",721,-0.221631610530009,-0.794094131191675,0.96112242280555,-0.916583961516402,-1.01961468201137,-0.116556156754381,0.388666236095507,NA,NA,-0.0838668732712972,-0.887118398993784,-0.661560832681336,-0.00893583092455749,0.711343075688386,-1.04532351251659
"68",722,0.866946591236024,-0.470967061311637,1.21900535199698,-1.32487609183519,-1.28497191634253,-0.70476450793702,0.30300209087925,NA,NA,0.0225728452131322,-1.35542208769036,-0.892841463935256,-0.278521869161704,0.533779028751667,-0.349909718487073
"69",729,-0.805746743184954,-1.48073915468675,0.740079912070042,-1.28937242832921,0.0583990824589821,NA,1.84495670477187,NA,NA,-0.232401395676122,-1.35542208769036,-0.0949232861092339,NA,0.334560829749494,-0.736250715170136
"70",731,-0.0623274834422967,-1.0162439917342,2.02949455802717,-1.3071242600822,0.937394921180962,-0.330450102638977,1.9520368862922,NA,NA,-0.160840229011449,-1.3727666687532,0.55266248140174,-0.210731227967568,0.278260034379315,-1.23849401085812
"71",746,1.00633770243777,0.276264287785949,2.58210083486594,-1.04084678378734,-0.173788497580786,-1.4780733892121,-0.746383688019897,NA,NA,-0.065224888677979,-1.09525337174782,-0.285729806893717,-0.680536136708326,-0.245770445604661,0.847747371230424
"72",763,-0.241544626415973,-0.00647189835908372,-0.254611386239742,-0.898832129763411,-0.256712633309275,-0.856958277124137,-0.767799724323961,NA,NA,-0.184293048338527,-0.956496723245129,-0.349331980488545,-0.429868416943962,-0.531605252868648,2.19994085962115
"73",774,-0.195080922682057,-0.188230875166605,-0.291451804695659,1.05386936306559,0.721792168286892,-0.124782846980712,-0.799923778780057,-0.879469644506422,NA,-0.179482213604768,1.05547468004386,0.367637976398605,-0.135057954076439,-0.457981135846106,2.23857495928945
"74",776,0.0637882838354754,-0.612335154384154,-0.80721766307851,2.4207604080459,0.464727347528577,0.368818566599125,-0.821339815084121,-1.26900298061399,NA,-0.15482668559425,2.46038574613359,0.182613471395469,0.0651609164271729,-0.566251896173374,0.345504075542442
"75",788,0.687729448262348,0.80134577634101,-0.733536826166674,0.184029607169038,-0.994737441292824,0.940573537329103,-0.692843597259736,0.116004436657356,NA,-0.144603661785011,0.0668335594622026,-1.00269976378087,0.218083990748829,-0.457981135846106,-0.0794710208089282
"76",789,0.588164368832528,-0.349794410106623,-0.512494315431167,1.33789867111345,-0.206958151872182,1.36836142909829,-0.478683234219094,0.159285918447086,NA,-0.15362397691081,1.19423132854655,-0.453408264552809,0.382042750846275,-0.354041205931929,0.461406374547361
"77",792,-0.560152880591397,-0.329598968239121,-0.365132641607495,0.610073569240821,1.14470526050218,1.0351804749319,0.24946200011909,0.592100736344381,NA,-0.214360765424524,0.604515572410122,0.679866828591396,0.333170428124921,-0.579244387412646,0.15233357720091
"78",811,-0.334472033883805,0.175287078448437,-1.06510059226994,1.21363584884251,-0.0908643618522976,1.22028100502434,0.00317758262235099,0.159285918447086,NA,-0.237212230409882,1.0728192611067,-0.372460043613937,0.325287795427928,-0.54026691369483,-0.581714316496911
"79",835,-1.23055774875219,-0.874875898661684,0.187473635231273,-1.36037975534118,-0.961567787001429,NA,0.667074708048342,NA,NA,-0.278104325646838,-1.4248004119417,-0.863931385028516,NA,0.0877034962033234,-1.77937140621441
"80",837,-0.440674785275613,-0.834485014926679,0.445356564422699,-1.52014624111809,-0.903520891991487,NA,0.827694980328823,NA,NA,-0.191509300439166,-1.58090164150723,-0.788765179870992,NA,0.0530568528985977,-1.04532351251659
"81",861,1.07271442205765,2.35639480013869,-0.291451804695659,0.166277775416047,0.448142520382879,-1.04617215232974,-0.735675669867864,-0.792906680926963,NA,-0.0586099909190597,0.136211883713547,0.171049439832773,-0.505541690835091,-0.306402071387931,1.04091786957196
"82",862,1.30503294072723,2.05346317212615,0.96112242280555,0.04201495314511,-0.0991567754251465,-0.449737110920771,-0.607179452043479,0.202567400236815,NA,-0.0297449825165026,0.0321443973365303,-0.210563601736194,-0.259603550688922,-0.284747919322478,0.384138175210748
"83",863,2.22103167148158,2.71991275375373,1.10848409662922,0.59232173748783,0.348633557508693,-0.885751692916294,-0.585763415739415,0.159285918447086,NA,0.0508364992739694,0.587170991347286,0.0958832346752496,-0.440904102719751,-0.254432106430843,0.615942773220586
"84",871,0.428860241744816,0.861932101943517,-0.10724971241607,-0.384029008926673,0.332048730362995,-0.351016828204804,-0.789215760628025,-0.360091863029668,NA,-0.119948133774494,-0.418814710297209,0.0843192031125537,-0.226496493361553,-0.332387053866476,2.16130675995284
"85",879,0.0173245801015594,-0.390185293841628,-0.144090130871988,1.07162119481859,1.32713835910486,0.323571770354307,-0.810631796932089,-0.489936308398856,NA,-0.15963752032801,1.0728192611067,0.8128531915624,0.0462425979543906,-0.375695357997383,0.0750653778642972
"86",887,0.130165003455356,-0.248817200769112,-1.28614310300544,0.681080896252785,-0.265005046882124,-0.437397075581275,-0.671427560955672,-1.1391585352448,NA,-0.148813142177051,0.673893896661467,-0.355113996269893,-0.26118007722832,-0.505620270390104,1.07955196924026
"87",892,-0.679630975907181,-0.874875898661684,-1.28614310300544,1.07162119481859,0.0583990824589821,0.607392583162713,-0.157442689658131,-0.273528899450209,NA,-0.268482656179319,0.934062612604009,-0.268383759549673,0.0903853410575491,-0.587906048238828,-0.736250715170136
"88",904,0.103614315607403,-0.390185293841628,-0.365132641607495,0.0952704484040829,0.29058666249875,-0.0713093605095629,-0.382311070850805,1.54429333571843,NA,-0.192110654780886,-0.00254476478914192,-0.0891412703278859,-0.163435431785612,-0.514281931216285,-0.0022028214723155
"89",909,-0.0756028273662727,-0.329598968239121,-0.880898499990346,0.237285102428011,1.26079905052207,-0.346903483091638,0.292294072727218,0.67866369992384,NA,-0.213759411082804,0.118867302650711,0.570008528745784,-0.275368816082907,-0.548928574521011,-0.658982515833524
"90",925,0.402309553896864,1.87170419531863,-0.954579336902182,1.81719812844421,1.08665836549224,1.44651498624844,0.206629927510961,0.332411845606004,NA,-0.170461898478969,1.66253501724313,0.448586197337477,0.411996755094847,-0.60522936989119,-0.0022028214723155
"91",940,-0.321196689959829,-1.64230268962677,0.59271823824637,-1.16510960605828,0.199370113197413,-0.828164861331979,1.77000057770765,NA,NA,-0.0495896757932606,-1.12994253387349,0.489060307806913,-0.284827975319298,0.845598818494198,NA
"92",951,2.6524803490108,1.20525461369106,2.43473916104227,-0.668058316974529,-1.26009467562399,-2.39534934944796,2.94788257443118,NA,NA,5.41251181004895,4.05608720391451,8.416203944035,-0.10195089674907,4.37955643557622,NA
"93",976,-0.460587801161577,-1.46054371281925,0.371675727510863,-1.23611693307024,-0.563531935504683,-1.50275345989109,0.345834163487378,NA,NA,-0.0802587472209775,-1.23401002025051,-0.204781585954846,-0.609592442435393,0.642049789078934,-0.504446117160298
"94",981,0.163353363265296,-0.975853107999196,0.924282004349632,-1.48464257761211,-1.31814157063393,NA,0.891943089241016,NA,NA,-0.119948133774494,-1.54621247938156,-1.07208395315704,NA,0.152665952399684,-2.358882901239
"95",983,-0.135341875024165,-0.369989851974126,0.224314053687191,-1.34262792358819,-0.629871244087474,NA,1.86637274107594,NA,NA,-0.162042937694889,-1.40745583087887,-0.586394627523813,NA,0.156996782812775,-2.04981010389255
"96",984,-0.560152880591397,-0.834485014926679,0.740079912070042,-1.18286143781127,-0.132326429716542,NA,1.48088408760278,NA,NA,-0.214360765424524,-1.23401002025051,-0.256819727986977,NA,0.200305086943682,-2.43615110057562
"97",989,-0.175167906796093,-0.470967061311637,1.58740953655615,-1.27162059657622,1.79980593275724,-0.638950986126375,1.39521994238653,4.40087113384058,NA,-0.177678150579608,-1.33807750662752,1.15977413844328,-0.341582930737645,0.0920343266164141,-1.27712811052643
"98",995,2.36042278268333,0.861932101943517,1.84529246574758,-0.614802821715556,0.970564575472358,-1.28063282378016,-0.243106834874388,1.80398222645681,NA,0.0712825468924474,-0.644294264114078,0.575790544527132,-0.596980230120205,-0.0205672641239444,-1.27712811052643
"99",1000,1.0461637342097,1.10427740435354,1.44004786273248,-1.02309495203435,1.08665836549224,-1.08730560346139,-0.328770980090644,1.02491555424168,NA,-0.0610154082859394,-1.07790879068498,0.63939271812196,-0.522883482768474,-0.185138819821391,0.500040474215667
"100",1001,1.01961304636175,1.16486372995605,1.84529246574758,-0.739065643986492,1.02031905690945,-1.08730560346139,0.270878036423154,1.06819703603141,NA,-0.0574072822356198,-0.783050912616767,0.616264654996568,-0.518153903150279,-0.124507194038121,1.42725886625502
"101",1007,0.574889024908552,1.14466828808855,0.96112242280555,-0.632554653468547,0.00864460102188884,-0.655404366579037,-0.553639361283319,0.0294414730778975,NA,-0.106116983914935,-0.678983426239751,-0.152743443922714,-0.347889036895239,-0.271755428083206,1.15682016857688
"102",1016,-0.586703568439349,-0.269012642636614,-0.623015570798921,-0.277518018408727,0.298879076071599,-0.856958277124137,-0.885587923996314,-0.446654826609127,NA,-0.216766182791404,-0.314747223920192,0.0611911399871617,-0.429868416943962,-0.202462141473754,0.113699477532604
"103",1027,0.574889024908552,0.619586799533489,-0.365132641607495,0.326044261192965,0.274001835353053,-0.309883377073151,-0.981960087364603,-0.663062235557774,NA,-0.106116983914935,0.309657694341908,0.0438450926431178,-0.209154701428169,-0.48396611832465,0.422772274879054
"104",1033,-0.354385049769769,-0.713312363721666,-0.880898499990346,1.28464317585448,0.920810094035264,0.270098283883158,-0.939128014756475,-1.48541038956263,NA,-0.194516072147766,1.29829881492357,0.517970386713653,0.0241712264028114,-0.518612761629376,-0.311275618818766
"105",1070,-0.374298065655733,0.316655171520954,-1.28614310300544,1.92370911896215,0.390095625372937,2.29797742467365,-0.393019089002837,-0.100402972291291,NA,-0.240820356460201,1.76660250362014,-0.037103128295754,0.73833774875034,-0.496958609563923,0.422772274879054
"106",1081,0.229730082885176,0.235873404050944,1.69793079192391,-1.1118541107993,-1.96494982931614,-0.935111834274277,NA,NA,NA,0.653994904019069,-0.661638845176915,-0.274165775331021,0.205471778433641,1.74208071400397,0.306869975874135
"107",1084,-1.8345858972931,-1.54132548028926,0.445356564422699,-0.898832129763411,-1.65813052712073,1.24084773059017,NA,NA,NA,-0.0525964475018603,-0.644294264114078,-0.696252927369424,1.04418389739365,2.13618628159523,NA
"108",1098,-0.0556898114803087,1.68994521851111,-0.954579336902182,1.2491395123485,-0.240127806163577,1.79203597575432,-0.371603052698773,-0.533217790188586,0.364490369884747,-0.211955348057644,1.10750842323237,-0.476536327678201,0.544424984404322,-0.635545182782825,1.07955196924026
"109",1150,-0.0756028273662727,1.06388652061854,-0.733536826166674,1.62192797916131,0.754961822578287,1.19148758923219,-0.371603052698773,-0.966032608085881,-0.107690336556857,-0.213759411082804,1.47174462555193,0.217305566083557,0.314252109652139,-0.644206843609007,-0.388543818155379
"110",1160,-1.15754335717032,-0.0872536658290931,0.297994890599027,-1.25386876482323,-1.15229329917695,0.430518743296605,0.0567176733825115,NA,NA,-0.0477856127681008,-1.19932085812483,-0.407152138302025,0.457716024737404,1.55585500624107,NA
"111",1169,-0.254819970339949,0.437827822725968,0.0769523798635197,0.397051588204929,0.763254236151136,-0.141236227433373,0.335126145335346,0.981634072451946,NA,-0.229995978309243,0.274968532216236,0.223087581864905,-0.196542489112981,-0.410342001302108,0.190967676869216
"112",1172,-0.00258843578440465,1.28603638116107,0.113792798319438,0.04201495314511,-0.0079402261238089,-0.268749925941498,0.988315252609305,1.37116740855951,NA,-0.207144513323885,-0.0719230890404864,-0.314639885800457,-0.245414811834335,-0.431996153367562,0.268235876205829
"113",1174,1.08598976598163,0.498414148328475,0.113792798319438,0.343796092945956,0.0749839096046798,-0.00138249358575266,0.65636668989631,-0.403373344819397,NA,-0.108522401281815,0.222934789027728,-0.256819727986977,-0.142940586773431,-0.470973627085378,0.15233357720091
"114",1176,0.886859607121989,1.08408196248604,0.0769523798635197,0.645577232746803,-0.472315386203346,0.200171416959347,0.09954974599064,-0.18696593587075,NA,-0.126563031533413,0.517792667095942,-0.638432769555944,-0.0656907863429041,-0.531605252868648,-0.234007419482154
"115",1178,0.11688965953138,0.559000473930982,-0.144090130871988,0.379299756451938,-0.820596756262998,0.50455895533358,-0.189566744114227,0.505537772764922,NA,-0.196320135172926,0.2576239511534,-0.88127743237256,0.0509721775725862,-0.522943592042467,0.422772274879054
"116",1184,0.0305999240255354,1.5485771254386,-0.438813478519331,0.0952704484040829,0.0169370145947377,0.718452901218176,-0.168150707810163,0.418974809185463,NA,-0.198725552539806,-0.00254476478914192,-0.279947791112369,0.140834190318302,-0.548928574521011,0.615942773220586
"117",1193,0.827120559464096,1.10427740435354,-0.144090130871988,1.00061386780662,0.323756316790146,0.940573537329103,0.0460096552304794,-0.576499271978315,NA,-0.125961677191693,0.8820288694155,-0.0660132072024939,0.22754314998522,-0.535936083281739,1.69769756393316
"118",1196,-0.361022721731757,0.882127543811019,-0.512494315431167,0.78759188677073,0.207662526770262,0.870646670405292,0.174505873054865,0.548819254554651,-0.815961396219263,-0.239617647776762,0.656549315598631,-0.16430747548541,0.191283039579054,-0.518612761629376,0.268235876205829
"119",1199,-0.161892562872117,0.962909311281028,-0.80721766307851,0.539066242228857,-0.621578830514625,1.22850769525067,-0.757091706171929,-0.836188162716692,0.0497032322570107,-0.221577017525163,0.413725180718925,-0.742509053620208,0.328440848506725,-0.54026691369483,0.654576872888893
"120",1207,-0.712819335717122,-0.854680456794182,0.924282004349632,-1.18286143781127,-0.754257447680207,-0.828164861331979,2.80867833845476,NA,NA,-0.142799598759851,-1.181976277062,-0.464972296115505,-0.333700298040652,1.43459175467453,NA
"121",1218,0.68109177630036,-0.935462224264191,1.84529246574758,-1.16510960605828,0.191077699624564,-1.73310078622835,1.85566472292391,NA,NA,-0.05560321921046,-1.19932085812483,0.107447266237946,-0.764092043296448,0.408184946772036,NA
"122",1223,-1.72838314590129,-1.48073915468675,0.00327154295168386,-1.41363525060015,-0.530362281213288,NA,0.999023270761337,NA,NA,-0.320800483908953,-1.47683415513021,-0.528574469710333,NA,0.49047072462076,-2.08844420356086
"123",1226,-1.50933997115568,-1.74327989896428,0.482196982878617,-1.34262792358819,-1.08595399059416,NA,0.0888417278386079,NA,NA,-0.273293490913078,-1.39011124981603,-0.863931385028516,NA,0.161327613225866,-1.66346910720949
"124",1227,-2.46516473368196,-2.53090213179688,0.261154472143109,-1.18286143781127,-1.31814157063393,NA,-0.0503625081378095,NA,NA,-0.395969776623946,-1.23401002025051,-1.12412209518918,NA,0.018410209593872,-2.97702849593191
"125",1229,-1.5558036748896,-1.33937106161424,0.77692033052596,-1.23611693307024,-0.347929182610613,0.138471240261868,0.377958217943475,NA,NA,-0.309374751416275,-1.30338834450185,-0.412934154083373,-0.0278541493973397,-0.0162364337108537,-0.581714316496911
"126",1241,1.20546786129741,0.11470075284593,0.887441585893714,-0.650306485221538,-1.1771705398955,-1.53977356590958,-0.435851161610965,0.462256290975192,NA,-0.0459815497429409,-0.696328007302587,-1.02004581112491,-0.705760561338702,-0.133168854864303,-0.0022028214723155
"127",1244,1.61036585097868,0.478218706460972,1.0716436781733,-0.490539999444619,-0.298174701173519,-1.24772606287484,-0.907003960300378,-0.879469644506422,NA,-0.000278619772225502,-0.522882196674226,-0.360896012051241,-0.582791491265618,-0.124507194038121,-0.311275618818766
"128",1246,-0.520326848819469,-0.713312363721666,0.813760748981878,-0.969839456775375,-0.903520891991487,-0.7664646846345,-0.125318635202034,NA,NA,-0.204739095957005,-1.02587504749647,-0.806111227215036,-0.387302200380202,-0.0465522466024886,-0.852153014175055
"129",1248,1.03288839028572,1.16486372995605,0.629558656702288,0.166277775416047,0.29058666249875,-0.939225179387443,-0.414435125306901,NA,NA,-0.05560321921046,0.153556464776383,0.0727551715498577,-0.458245894653135,-0.202462141473754,-1.00668941284828
"130",1249,1.79622066591435,1.5687725673061,0.77692033052596,0.574569905734839,0.0583990824589821,-0.577250809428896,-0.724967651715832,NA,NA,0.00994440403701348,0.56982641028445,-0.118051349234626,-0.316358506107268,-0.310732901801022,1.15682016857688
"131",1253,1.03952606224771,1.24564549742606,-0.033568875504234,-0.206510691396764,0.705207341141194,-0.482643871826094,-0.692843597259736,NA,NA,-0.0483869671098207,-0.210679737543175,0.402330071086693,-0.265909656846516,-0.250101276017752,0.15233357720091
"132",1261,0.0106869081395714,0.720564008871,-0.733536826166674,-0.543795494703592,0.854470785452474,-0.824051516218814,-0.414435125306901,NA,NA,-0.16023887466973,-0.59226052092557,0.465932244681521,-0.417256204628774,-0.453650305433015,0.461406374547361
"133",1305,-0.639804944135253,-0.188230875166605,-1.54402603219687,0.610073569240821,-0.173788497580786,1.05574720049773,0.335126145335346,0.63538221813411,NA,-0.264874530128999,0.483103504970269,-0.430280201427417,0.262226733851988,-0.306402071387931,-1.08395761218489
"134",1314,-0.0225014516703687,-0.531553386914144,-0.770377244622592,1.10712485832457,0.232539767488808,1.81671604643331,0.206629927510961,-0.0571214905015615,NA,-0.0989007318142957,1.3156433959864,0.234651613427601,0.7809039653141,-0.449319475019925,-0.427177917823685
"135",1323,-0.128704203062177,-0.309403526371619,-0.954579336902182,1.90595728720916,0.307171489644448,1.57402868475656,-0.232398816722355,-0.489936308398856,-0.0289935521499233,-0.218570245816564,1.74925792255731,-0.0949232861092339,0.460869077816201,-0.765470095175547,-0.0408369211406219
"136",1328,0.0305999240255354,-0.369989851974126,0.0401119614076018,-1.37813158709417,-1.98982707003469,-1.30942623957232,NA,NA,NA,0.704508668723544,-1.14728711493633,-0.16430747548541,-0.0120888840033545,2.29642700687959,-2.74522389792207
"137",1353,-0.892036478690798,-0.269012642636614,-0.254611386239742,0.432555251710911,0.00864460102188884,0.821286529047309,-0.189566744114227,0.981634072451946,NA,-0.287725995114357,0.309657694341908,-0.303075854237761,0.172364721106272,-0.531605252868648,0.847747371230424
"138",1363,-0.0955158432522368,-0.168035433299102,-0.733536826166674,0.024263121392119,-0.530362281213288,-0.133009537207043,-0.767799724323961,0.202567400236815,NA,-0.210151285032485,-0.0719230890404864,-0.661560832681336,-0.18708332987659,-0.488296948737741,0.422772274879054
"139",1371,0.0505129399114994,0.619586799533489,-0.770377244622592,-0.242014354902745,0.0998611503232264,0.286551664335819,1.41663597869059,2.71289334404113,NA,-0.202333678590125,-0.349436386045864,-0.239473680642933,-0.0325837290155353,-0.696176808566095,-0.0022028214723155
"140",1372,-0.288008330149889,-0.0266673402265861,-1.13878142918177,0.521314410475866,0.464727347528577,0.915893466650111,0.153089836750801,1.76070074466708,NA,-0.233002750017842,0.396380599656089,0.0149350137363779,0.208624831512438,-0.514281931216285,0.0750653778642972
"141",1389,-1.42305023564984,-1.17780752667422,0.187473635231273,-1.5023944093651,-1.61666845925649,0.430518743296605,0.399374254247539,NA,NA,-0.281111097355437,-1.56355706044439,-1.30914660019231,0.115609765687925,0.37353830346731,-1.62483500754118
"142",1393,-1.36331118799195,-2.02601608510932,0.850601167437796,-1.53789807287109,-0.886936064845789,NA,0.613534617288181,NA,NA,-0.280509743013718,-1.59824622257007,-0.777201148308296,NA,0.1916434261175,-1.97254190455594
"143",1421,1.49752542762489,1.38701359049858,1.21900535199698,-0.526043662950601,0.920810094035264,-1.18602588617736,-0.146734671506099,-0.360091863029668,NA,-0.0111029979231844,-0.557571358799898,0.541098449839044,-0.557567066635242,-0.245770445604661,1.04091786957196
"144",1431,-0.0623274834422967,0.659977683268493,0.371675727510863,-0.579299158209574,0.323756316790146,-0.145349572546538,-0.746383688019897,0.0294414730778975,NA,-0.166853772428649,-0.626949683051242,0.0785371873312057,-0.142940586773431,-0.120176363625031,0.925015570567037
"145",1437,-0.799109071222966,-0.0872536658290931,-0.365132641607495,-0.756817475739483,0.920810094035264,-0.289316651507324,-0.789215760628025,-0.576499271978315,NA,-0.237212230409882,-0.800395493679603,0.517970386713653,-0.201272068731177,-0.488296948737741,0.538674573883973
"146",1442,-0.858848118880858,-0.309403526371619,-0.586175152343003,0.379299756451938,0.456434933955728,0.253644903430496,-1.17470441410118,-0.533217790188586,NA,-0.242624419485361,0.361691437530417,0.176831455614121,0.0178651202452173,-0.496958609563923,0.809113271562118
"147",1450,-0.487138489009529,0.316655171520954,-0.512494315431167,0.96511020430064,0.456434933955728,1.06808723583723,-0.339478998242677,-0.836188162716692,NA,-0.25104338026944,0.829995126226992,0.00915299795502987,0.266956313470183,-0.336717884279566,0.461406374547361
"148",1463,0.0173245801015594,0.357046055255958,-0.328292223151577,-0.242014354902745,0.871055612598171,-0.104216121414885,-0.264522871178452,0.159285918447086,NA,-0.205340450298725,-0.349436386045864,0.298253787022429,-0.182353750258394,-0.449319475019925,0.963649670235343
"149",1464,0.495236961364696,0.296459729653451,-0.365132641607495,0.290540597686983,0.224247353915959,-0.0671960153963976,-0.617887470195511,-0.316810381239938,NA,-0.162042937694889,0.170901045839219,-0.152743443922714,-0.168165011403808,-0.501289439977013,2.19994085962115
"150",1470,-0.108791187176213,0.821541218208512,-0.549334733887085,0.805343718523721,0.0252294281675866,0.286551664335819,-0.596471433891447,-0.360091863029668,NA,-0.216766182791404,0.673893896661467,-0.291511822675065,-0.0325837290155353,-0.561921065760283,-0.27264151915046
"151",1471,-0.155254890910129,0.316655171520954,-0.623015570798921,1.78169446493822,0.0169370145947377,1.10099399674255,-0.45726719791503,0.375693327395733,NA,-0.220975663183443,1.62784585511745,-0.297293838456413,0.279568525785371,-0.570582726586465,0.847747371230424
"152",1484,-0.00922610774639266,0.962909311281028,-0.954579336902182,0.184029607169038,0.0583990824589821,1.1544674832137,-0.0503625081378095,0.375693327395733,NA,-0.196921489514646,0.0841781405250387,-0.233691664861585,0.318981689270334,-0.678853486913732,-0.0022028214723155
"153",1495,0.508512305288672,-3.98497394625704,-0.9914197553581,-1.697664558648,-4.01317598180981,-2.73675699384068,-1.32461666822963,-2.26447706177777,NA,12.6011016109691,-1.77169203319843,-1.91625825723385,-0.239108705676741,5.29769248315145,NA
"154",1507,-0.646442616097242,-0.935462224264191,-0.917738918446264,0.130774111910065,-1.21034019418689,0.915893466650111,-0.939128014756475,-0.922751126296151,NA,-0.265475884470719,0.0147998162736942,-1.15303217409592,0.208624831512438,-0.362702866758111,0.306869975874135
"155",1514,-0.692906319831158,-0.773898689324172,-0.9914197553581,0.04201495314511,0.398388038945786,1.02284043959241,-0.371603052698773,-0.403373344819397,NA,-0.269685364862759,-0.0719230890404864,-0.031321112514406,0.249614521536799,-0.596567709065009,-0.427177917823685
"156",1526,-1.03142758989255,-1.39995738721675,-1.10194101072585,0.290540597686983,-0.522069867640439,1.32311463285348,0.185213891206897,0.505537772764922,NA,-0.300354436290476,0.170901045839219,-0.673124864244032,0.364700958912891,-0.427665322954471,0.963649670235343
"157",1549,-0.00258843578440465,1.64955433477611,-0.549334733887085,1.85270179195019,0.398388038945786,1.48764843738009,0.238753981967057,-0.749625199137233,-0.0289935521499233,-0.207144513323885,1.6972241793688,-0.031321112514406,0.427762020488832,-0.631214352369735,-0.581714316496911
"158",1552,-0.580065896477361,-1.13741664293921,1.10848409662922,-1.12960594255229,-1.43423536065381,-0.276976616167828,NA,NA,NA,0.156073509074959,-0.939152142182292,-0.366678027832589,0.257497154233792,1.86334396557051,NA
"159",1556,1.14572881363952,-0.470967061311637,2.9136646009692,-1.18286143781127,-0.414268491193404,-1.02971877187708,1.37380390608246,NA,NA,0.112174642129403,-1.16463169599916,-0.031321112514406,-0.379419567683209,1.0318245262571,-2.04981010389255
"160",1564,-0.965050870272666,-1.78367078269929,0.334835309054945,-1.39588341884716,-0.51377745406759,NA,0.827694980328823,NA,NA,-0.236610876068162,-1.45948957406738,-0.482318343459549,NA,0.442831590076762,-1.7407373065461
"161",1585,1.99535082477399,1.44759991610108,2.21369665030676,1.14262852183055,1.47640180341614,-0.453850456033936,-0.296646925634548,0.462256290975192,NA,0.0291877429720516,1.14219758535804,0.922711491408011,-0.267486183385914,-0.133168854864303,-0.27264151915046
"162",1586,1.96216246496405,1.04369107875104,0.997962841261468,1.21363584884251,2.43002936429376,-0.50321059739192,0.238753981967057,0.851789627082758,NA,0.0333972233640911,1.24626507173506,1.65702749563921,-0.280098395701103,-0.315063732214113,-0.27264151915046
"163",1590,0.800569871616144,0.720564008871,0.740079912070042,0.308292429439974,1.31055353195916,-0.819938171105649,-0.532223324979255,-0.100402972291291,NA,-0.0507923844767005,0.361691437530417,0.934275522970707,-0.387302200380202,-0.371364527584292,-0.852153014175055
"164",1591,2.02853918458393,1.87170419531863,1.18216493354106,1.72843896967925,2.00711627207847,-0.330450102638977,-0.446559179762998,-0.446654826609127,NA,0.0394107667812905,1.76660250362014,1.34479864344641,-0.210731227967568,-0.332387053866476,0.422772274879054
"165",1592,1.0992651099056,1.12447284622105,0.77692033052596,1.55092065214934,2.04857833994271,-0.289316651507324,-0.650011524651608,-0.619780753768045,NA,-0.0562045735521799,1.57581211192894,1.34479864344641,-0.201272068731177,-0.310732901801022,-0.195373319813847
"166",1603,0.58152669687054,0.45802326459347,0.850601167437796,0.894102877288676,1.29396870481346,-0.848731586897806,-1.05691621442883,-1.18244001703453,NA,-0.105515629573215,0.899373450478336,0.789725128437008,-0.426715363865165,-0.535936083281739,0.886381470898731
"167",1612,0.103614315607403,-0.632530596251656,0.0401119614076018,1.01836569955961,0.763254236151136,0.150811275601364,-0.767799724323961,-0.533217790188586,NA,-0.15121855954393,1.02078551791819,0.402330071086693,-0.0231245697791441,-0.522943592042467,1.81359986293808
"168",1634,-0.0556898114803087,-0.248817200769112,-0.549334733887085,1.00061386780662,0.133030804614622,-0.462077146260267,-0.617887470195511,-0.230247417660479,NA,-0.201130969906685,0.899373450478336,-0.181653522829454,-0.308475873410276,-0.54459774410792,1.50452706559163
"169",1645,-0.978326214196642,-0.672921479986661,-1.35982393991728,0.911854709041667,-0.596701589796079,1.30666125240081,-0.0503625081378095,-0.316810381239938,NA,-0.295543601556716,0.777961383038484,-0.725163006276164,0.358394852755297,-0.535936083281739,0.693210972557199
"170",1647,-0.0490521395183207,0.80134577634101,-1.3966643583732,1.19588401708952,0.307171489644448,0.796606458368317,-0.489391252371126,-0.663062235557774,NA,-0.211353993715924,1.05547468004386,-0.0949232861092339,0.162905561869881,-0.596567709065009,0.731845072225505
"171",1673,0.44877325763078,-0.49116250317914,2.17685623185084,-1.28937242832921,0.14961563176032,NA,1.6200883235792,NA,NA,-0.105515629573215,-1.33807750662752,-0.00819304938901408,NA,0.131011800334231,-0.890787113843362
"172",1674,0.169991035227284,-0.107449107696595,1.0716436781733,-1.07635044729332,0.547651483257065,-0.536117358297243,1.18105957934588,NA,NA,-0.138590118367812,-1.12994253387349,0.263561692334341,-0.294287134555689,-0.111514702798849,-1.23849401085812
"173",1687,-0.00922610774639266,0.781150334473507,0.519037401334535,-0.526043662950601,0.547651483257065,-0.910431763595286,-0.682135579107704,-0.100402972291291,NA,-0.137387409684372,-0.540226777737062,0.332945881710517,-0.429868416943962,-0.271755428083206,-0.195373319813847
"174",1688,1.45769939585296,1.10427740435354,0.666399075158206,-0.650306485221538,0.672037686849798,-1.50686680500426,-0.221690798570323,0.592100736344381,NA,-0.0219273760741433,-0.696328007302587,0.332945881710517,-0.691571822484116,-0.198131311060664,-0.620348416165217
"175",1700,0.422222569782828,1.20525461369106,0.113792798319438,0.148525943663056,0.307171489644448,-0.585477499655226,-0.639303506499576,-0.706343717347504,NA,-0.107921046940095,0.153556464776383,0.107447266237946,-0.308475873410276,-0.111514702798849,-0.234007419482154
"176",1708,-0.599978912363325,-0.248817200769112,-0.033568875504234,-0.561547326456583,1.13641284692934,-0.482643871826094,-0.907003960300378,-0.749625199137233,NA,-0.217968891474844,-0.609605101988406,0.674084812810048,-0.278521869161704,-0.431996153367562,0.886381470898731
"177",1713,-0.639804944135253,-0.369989851974126,-0.696696407710756,-0.0289923738668539,1.81639075990294,-0.490870562052424,-0.735675669867864,-0.316810381239938,NA,-0.222178371866883,-0.0545785079776503,1.17133817000597,-0.281674922240501,-0.444988644606834,0.384138175210748
"178",1717,-0.500413832933505,-0.531553386914144,-0.475653896975249,0.397051588204929,0.0501066688861332,0.228964832751505,-0.874879905844282,-0.879469644506422,NA,-0.208948576349045,0.379036018593253,-0.123833365015974,0.00840596100882621,-0.323725393040294,1.96813626161131
"179",1721,-0.653080288059229,-0.369989851974126,-0.733536826166674,0.361547924698947,0.340341143935844,0.30300504478848,-1.14258035964508,-1.74509928030101,NA,-0.223381080550323,0.344346856467581,0.0901012188939017,0.0383599652573981,-0.501289439977013,0.422772274879054
"180",1730,-0.460587801161577,-0.632530596251656,-1.02826017381402,0.929606540794658,0.978856989045207,1.00227371402658,-0.25381485302642,-0.576499271978315,NA,-0.248637962902561,0.79530596410132,0.373419992179953,0.241731888839807,-0.488296948737741,0.615942773220586
"181",1737,-0.945137854386702,-0.652726038119159,-0.844058081534428,0.326044261192965,0.80471630401538,0.467538849315092,2.34823355791738,3.10242668014869,NA,-0.287725995114357,0.222934789027728,0.275125723897037,0.0446660714149921,-0.453650305433015,-0.581714316496911
"182",1748,-0.248182298377961,0.437827822725968,-0.844058081534428,1.8349499601972,0.779839063296834,1.42594826068261,0.174505873054865,0.462256290975192,NA,-0.229394623967523,1.67987959830596,0.234651613427601,0.404114122397854,-0.466642796672288,-0.929421213511668
"183",1749,0.0305999240255354,0.19548252031594,-1.24930268454953,1.07162119481859,0.672037686849798,0.891213395971119,0.0567176733825115,0.0727229548676269,NA,-0.204137741615285,0.934062612604009,0.159485408270077,0.199165672276047,-0.626883521956644,0.190967676869216
"184",1763,-0.128704203062177,0.760954892606005,-1.02826017381402,1.94146095071514,0.912517680462416,1.22850769525067,-0.832047833236154,-1.39884742598318,0.443187154291681,-0.218570245816564,1.78394708468298,0.327163865929169,0.328440848506725,-0.639876013195916,-0.0794710208089282
"185",1768,3.68795717508093,1.02349563688354,3.09786669324879,-1.12960594255229,-1.98982707003469,-2.62981002089838,1.44876003314669,NA,NA,5.48527568539707,1.22892049067222,4.89495633319408,-0.664770871314341,3.99411252881114,NA
"186",1778,1.3249459566132,0.80134577634101,1.69793079192391,-1.07635044729332,-0.895228478418638,-0.972131940292765,4.88603385994899,NA,NA,0.132019335406161,-1.02587504749647,-0.441844232990113,-0.352618616513434,1.70310324028616,NA
"187",1780,1.07271442205765,1.00330019501603,0.850601167437796,-0.774569307492474,1.25250663694922,-0.43328373046811,1.96274490444423,NA,NA,0.104357035687044,-0.678983426239751,1.38527275391585,-0.100374370209672,1.36962929847817,NA
"188",1782,-0.327834361921817,1.16486372995605,0.850601167437796,-1.60890539988305,-2.20542982292876,-0.50321059739192,NA,NA,NA,0.320844598706222,-1.63293538469574,-0.96800766909278,0.268532840009582,3.49173620089262,NA
"189",1784,-1.04470293381652,-0.228621758901609,-0.144090130871988,-1.18286143781127,-1.45082018779951,-0.486757216939259,NA,NA,NA,0.0712825468924474,-1.02587504749647,-0.436062217208765,0.11088018606973,1.76806569648252,NA
"190",1794,3.90700034982653,1.91209507905364,1.25584577045289,-0.366277177173682,0.613990791839856,-1.5850203621544,2.32681752161332,NA,NA,0.439912758366771,-0.158645994354667,0.905365444063968,-0.628510760908175,0.893237953038196,NA
"191",1803,-0.78583372729899,-1.21819841040922,0.0769523798635197,-1.25386876482323,-0.8040119291173,NA,0.485038399463796,NA,NA,-0.224583789233763,-1.30338834450185,-0.719380990494816,NA,0.767643871058565,-1.81800550588271
"192",1804,-0.115428859138201,-0.854680456794182,1.14532451508514,-1.39588341884716,-0.546947108358985,NA,0.731322816960534,NA,NA,-0.15963752032801,-1.45948957406738,-0.528574469710333,NA,0.18731259570441,-1.54756680820457
"193",1819,-0.0225014516703687,0.0137235435084186,0.0401119614076018,-0.490539999444619,-1.64983811354789,-0.606044225221053,-0.189566744114227,1.54429333571843,NA,-0.15723210296113,-0.522882196674226,-1.35540272644309,-0.322664612264863,-0.0162364337108537,-0.118105120477235
"194",1832,0.428860241744816,0.296459729653451,-0.438813478519331,-0.561547326456583,-0.770842274825905,-0.815824825992484,-0.692843597259736,NA,NA,-0.107319692598375,-0.59226052092557,-0.690470911588076,-0.401490939234788,-0.23710878477848,0.770479171893812
"195",1833,0.926685638893917,1.40720903236608,-0.659855989254839,-0.614802821715556,-0.546947108358985,-0.527890668070912,-0.7142596335638,NA,NA,-0.0387652976423017,-0.626949683051242,-0.470754311896853,-0.264333130307117,-0.154823006929756,0.229601776537523
"196",1844,-0.832297431032906,-0.693116921854163,-1.02826017381402,-0.650306485221538,-0.22354297901788,-0.750011304181839,-0.7142596335638,NA,NA,-0.240219002118482,-0.696328007302587,-0.320421901581805,-0.387302200380202,-0.0162364337108537,0.461406374547361
"197",1847,-0.208356266606033,-0.0468627820940884,-0.549334733887085,0.00651128963912806,-0.298174701173519,-0.330450102638977,-0.553639361283319,NA,NA,-0.180684922288207,-0.019889345851978,-0.378242059395285,-0.217037334125162,-0.124507194038121,-0.504446117160298
"198",1854,-0.672993303945194,-0.329598968239121,-0.10724971241607,0.76984005501774,1.55103352557178,-0.00549583869891797,-0.832047833236154,-0.792906680926963,NA,-0.225185143575483,0.760616801975647,0.980531649221491,-0.0861856313550849,-0.579244387412646,-0.890787113843362
"199",1855,-0.586703568439349,-0.470967061311637,-0.144090130871988,0.556818073981848,0.962272161899509,-0.00549583869891797,-0.821339815084121,-1.22572149882426,NA,-0.216766182791404,0.552481829221614,0.546880465620392,-0.0861856313550849,-0.427665322954471,0.0364312781959909
"200",1857,0.189904051113248,0.175287078448437,0.113792798319438,0.610073569240821,0.862763199025322,0.850079944839466,-0.746383688019897,-0.749625199137233,NA,-0.142799598759851,0.604515572410122,0.471714260462869,0.259073680773191,-0.492627779150832,-0.118105120477235
"201",1864,-0.533602192743445,-0.713312363721666,-0.10724971241607,0.876351045535685,-0.0162326396966578,1.59870875543555,-0.832047833236154,-0.879469644506422,NA,-0.249840671586001,0.760616801975647,-0.303075854237761,0.481363922828382,-0.397349510062836,0.306869975874135
"202",1865,-0.141979546986153,-0.349794410106623,-0.254611386239742,0.379299756451938,0.0915687367503775,1.06808723583723,-0.724967651715832,-0.446654826609127,NA,-0.219772954500004,0.2576239511534,-0.245255696424281,0.266956313470183,-0.592236878651918,0.0364312781959909
"203",1869,-1.07789129362646,-0.329598968239121,0.0769523798635197,0.113022280157074,0.191077699624564,1.49587512760642,-0.553639361283319,0.505537772764922,NA,-0.299753081948756,0.0147998162736942,-0.158525459704062,0.441950759343419,-0.592236878651918,-0.427177917823685
"204",1880,0.31601981839102,0.175287078448437,-0.659855989254839,0.148525943663056,0.531066656111368,-0.227616474809845,0.345834163487378,0.765226663503299,NA,0.290776881620225,0.951407193666845,1.73219370079673,0.300063370797552,-0.518612761629376,-0.388543818155379
"205",1881,-0.347747377807781,0.0743098691109256,-1.13878142918177,0.290540597686983,0.0583990824589821,0.500445610220415,0.0460096552304794,1.02491555424168,NA,-0.238414939093322,0.170901045839219,-0.268383759549673,0.0493956510331877,-0.557590235347193,-0.311275618818766
"206",1882,-0.779196055337002,-0.652726038119159,-0.401973060063413,0.521314410475866,1.16958250122073,0.808946493707813,0.206629927510961,0.981634072451946,NA,-0.277502971305118,0.396380599656089,0.506406355150957,0.167635141488077,-0.42333449254138,-1.1225917118532
"207",1894,-0.0756028273662727,1.10427740435354,-0.80721766307851,0.184029607169038,0.497897001819972,1.17503420877953,-0.45726719791503,-1.05259557166534,NA,-0.104312920889775,0.292313113279072,0.442804181556129,0.503435294379961,-0.613891030717372,0.384138175210748
"208",1896,-0.526964520781457,0.983104753148531,-0.770377244622592,0.361547924698947,0.166200458906017,1.32722797796664,-0.339478998242677,0.159285918447086,NA,-0.25465150631976,0.240279370090564,-0.19321755439215,0.36627748545229,-0.626883521956644,-0.465812017491992
"209",1916,0.0372375959875234,0.316655171520954,0.887441585893714,-0.774569307492474,0.133030804614622,-0.560797428976234,1.71646048694749,NA,NA,-0.00208268279738532,-0.661638845176915,0.460150228900173,-0.152399746009823,0.958200409234556,NA
"210",1918,-0.606616584325313,-1.27878473601173,1.0716436781733,-1.07635044729332,0.108153563896075,-0.43328373046811,1.30955579717027,NA,NA,-0.095893960105696,-1.04321962855931,0.356073944835909,-0.117716162143055,1.38695262013054,NA
"211",1921,2.30732140698742,0.720564008871,3.65047297008756,-0.632554653468547,0.348633557508693,-1.85238779451014,2.09124112226861,NA,NA,0.270932188343467,-0.470848453485717,0.702994891716788,-0.751479830981259,0.828275496841835,NA
"212",1926,1.60372817901669,-0.571944270649149,2.83998376405736,-1.18286143781127,-0.671333311951718,-1.37523976138297,0.763446871416631,NA,NA,0.0279850342886117,-1.21666543918767,-0.569048580179769,-0.617475075132385,0.61606480660039,NA
"213",1938,-0.361022721731757,-0.49116250317914,2.06633497648309,-0.774569307492474,0.43985010681003,-0.396263624449622,0.474330381311764,NA,NA,-0.195117426489486,-0.81774007474244,0.165267424051425,-0.243838285294937,-0.0292289249501258,-0.311275618818766
"214",1979,-1.36994885995393,-1.0364394336017,-0.880898499990346,0.024263121392119,0.0998611503232264,0.216624797412009,-0.842755851388186,-0.403373344819397,NA,-0.291334121164676,-0.00254476478914192,-0.0833592545465379,0.00367638139063066,-0.258762936843933,1.15682016857688
"215",1982,-0.938500182424714,-0.41038073570913,0.261154472143109,0.00651128963912806,-0.0328174668423555,-0.0959894311885547,-1.07833225073289,-1.26900298061399,NA,-0.250442025927721,-0.019889345851978,-0.181653522829454,-0.122445741761251,-0.323725393040294,1.46589296592333
"216",1987,0.674454104338372,0.134896194713433,0.113792798319438,0.539066242228857,0.0998611503232264,0.315345080127976,-0.939128014756475,-1.18244001703453,NA,-0.0964953144474159,0.535137248158778,-0.0833592545465379,0.0430895448755936,-0.496958609563923,0.963649670235343
"217",1997,0.34920817820096,-0.127644549564098,0.519037401334535,0.610073569240821,-0.455730559057648,0.664979414747027,-0.617887470195511,-0.792906680926963,NA,-0.175272733212728,0.483103504970269,-0.626868737993248,0.112456712609128,-0.488296948737741,1.8908680622747
"218",2004,0.535062993136624,0.740759450738503,0.0401119614076018,0.663329064499794,-0.206958151872182,0.693772830539184,1.45946805129872,2.92930075298977,NA,-0.15843481164457,0.535137248158778,-0.453408264552809,0.123492398384918,-0.453650305433015,-0.349909718487073
"219",2011,-0.380935737617721,-0.0872536658290931,-0.844058081534428,0.04201495314511,-0.505485040494741,0.541579061352068,-0.296646925634548,0.418974809185463,NA,-0.241421710801921,-0.0719230890404864,-0.661560832681336,0.0651609164271729,-0.527274422455558,-0.156739220145541
"220",2015,-0.832297431032906,0.033918985375921,-0.365132641607495,0.272788765933993,0.506189415392821,1.02695378470557,-0.0396544899857774,0.375693327395733,NA,-0.272090782229638,0.170901045839219,0.0843192031125537,0.27010936654898,-0.535936083281739,-0.620348416165217
"221",2022,-0.188443250720069,0.700368567003498,-0.954579336902182,0.805343718523721,0.116445977468924,1.58225537498289,-0.30735494378658,0.418974809185463,NA,-0.115738653382454,0.986096355792517,0.142139360926034,0.680006266792595,-0.492627779150832,0.345504075542442
"222",2025,-0.493776160971517,0.599391357665986,-0.770377244622592,0.201781438922029,-0.87864365127294,1.44240164113527,0.377958217943475,-0.0571214905015615,NA,-0.25164473461116,0.0841781405250387,-0.921751542841996,0.410420228555448,-0.475304457498469,0.57730867355228
"223",2027,0.243005426809152,1.5889680091736,-0.917738918446264,1.28464317585448,0.539359069684217,1.32722797796664,-0.403727107154869,-0.533217790188586,0.285793585477813,-0.184894402680247,1.14219758535804,0.0669731557685097,0.36627748545229,-0.509951100803195,0.886381470898731
"224",2031,-0.214993938568021,0.559000473930982,-0.623015570798921,0.840847382029703,-0.671333311951718,1.49587512760642,-0.650011524651608,-0.533217790188586,2.64669711768583,-0.220975663183443,0.725927639849975,-0.759855100964252,0.441950759343419,-0.631214352369735,1.69769756393316
"225",2036,4.65041960956919,-0.00647189835908372,0.519037401334535,-1.46689074585912,-3.21710427881632,-2.49818297727709,-0.339478998242677,1.02491555424168,NA,3.05460143616507,-1.06056420962215,-1.15303217409592,-0.749903304441861,4.18899989740023,NA
"226",2066,-0.965050870272666,-0.955657666131694,-0.10724971241607,-0.0289923738668539,0.315463903217297,0.270098283883158,-0.243106834874388,0.245848882026545,NA,-0.289530058139517,-0.123956832228995,-0.0717952229838419,-0.0310072024761367,-0.470973627085378,0.345504075542442
"227",2073,-0.181805578758081,-0.0468627820940884,-1.13878142918177,0.716584559758767,-0.124034016143693,0.854193289952631,-0.296646925634548,0.67866369992384,NA,-0.223381080550323,0.587170991347286,-0.395588106739329,0.18497693342146,-0.496958609563923,-0.427177917823685
"228",2087,-0.374298065655733,0.760954892606005,-0.696696407710756,1.08937302657158,0.854470785452474,1.92366301937561,0.0781337096865758,0.0294414730778975,-1.28814210266087,-0.240820356460201,0.951407193666845,0.286689755459733,0.594873833665075,-0.470973627085378,0.345504075542442
"229",2092,-0.354385049769769,0.559000473930982,-0.623015570798921,0.610073569240821,0.837885958306776,1.10099399674255,-0.264522871178452,-0.360091863029668,-1.05205174944007,-0.239016293435042,0.483103504970269,0.275125723897037,0.279568525785371,-0.609560200304281,-0.388543818155379
"230",2125,0.355845850162948,-0.511357945046642,1.51372869964432,-1.1118541107993,-1.15229329917695,0.0109575417537433,NA,NA,NA,0.234249573498551,-0.939152142182292,-0.181653522829454,0.363124432373493,2.13618628159523,NA
"231",2148,-1.16418102913231,-1.46054371281925,-0.180930549327906,-1.27162059657622,0.390095625372937,NA,0.999023270761337,NA,NA,-0.266678593154159,-1.33807750662752,0.147921376707382,NA,-0.0248980945370351,-2.59068749924884
"232",2162,1.31830828465121,0.19548252031594,1.55056911810024,-0.295269850161718,-0.0162326396966578,-1.21893264708268,0.228045963815025,2.9725822347795,NA,-0.0285422738330627,-0.314747223920192,-0.152743443922714,-0.571755805489828,-0.224116293539208,0.693210972557199
"233",2191,-0.314559017997841,-0.531553386914144,-0.10724971241607,0.78759188677073,1.33543077267771,-0.194709713904522,-0.853463869540218,NA,NA,-0.190907946097446,0.777961383038484,0.818635207343748,-0.163435431785612,-0.457981135846106,1.69769756393316
"234",2203,0.362483522124936,-0.208426317034107,-0.917738918446264,1.85270179195019,0.116445977468924,0.401725327504447,-0.553639361283319,-0.14368445408102,NA,-0.190907946097446,1.62784585511745,-0.279947791112369,-0.0120888840033545,-0.47963528791156,0.15233357720091
"235",2218,-0.513689176857481,-0.289208084504116,-0.549334733887085,0.681080896252785,0.572528723975612,0.545692406465233,-0.360895034546741,0.289130363816274,NA,-0.25344879763632,0.552481829221614,0.0901012188939017,0.0667374429665714,-0.310732901801022,-0.388543818155379
"236",2221,-1.00487690204459,-0.834485014926679,-0.438813478519331,-0.277518018408727,0.108153563896075,0.558032441804729,-0.243106834874388,0.245848882026545,NA,-0.293138184189836,-0.384125548171537,-0.216345617517542,0.0793496552817595,-0.401680340475927,-0.813518914506749
"237",2225,0.196541723075236,-0.248817200769112,-1.10194101072585,0.290540597686983,0.240832181061657,1.11333403208205,0.0245936189264152,1.02491555424168,NA,-0.189103883072287,0.170901045839219,-0.141179412360018,0.284298105403567,-0.349710375518838,-0.465812017491992
"238",2232,-0.825659759070918,-0.531553386914144,-0.291451804695659,0.805343718523721,-0.231835392590728,1.08454061628989,-0.30735494378658,0.202567400236815,NA,-0.281712451697157,0.673893896661467,-0.470754311896853,0.273262419627777,-0.613891030717372,0.190967676869216
"239",2267,0.999700030475785,-0.632530596251656,3.06102627479287,-0.526043662950601,0.356925971081541,-1.45750666364627,1.17035156119385,NA,NA,0.104958390028764,-0.3667809671087,0.650956749684656,-0.573332332029227,1.18340359071527,NA
"240",2291,-0.865485790842846,-1.13741664293921,0.887441585893714,-1.09410227904631,-0.712795379815963,-0.536117358297243,0.270878036423154,NA,NA,-0.0790560385375376,-1.02587504749647,-0.19321755439215,-0.114563109064258,0.113688478681868,-0.0022028214723155
"241",2299,1.00633770243777,0.619586799533489,1.10848409662922,-0.0112405421138629,0.0335218417404355,-0.675971092144863,-0.393019089002837,NA,NA,-0.065224888677979,-0.0372339269148142,-0.13539739657867,-0.35734819613163,-0.180807989408301,0.0750653778642972
"242",2317,0.767381511806204,0.942713869413526,0.224314053687191,0.166277775416047,0.605698378267007,-0.869298312463632,-0.907003960300378,NA,NA,-0.0880763536633367,0.136211883713547,0.286689755459733,-0.434597996562157,-0.570582726586465,0.925015570567037
"243",2318,0.707642464148312,0.559000473930982,-0.365132641607495,-0.50829183119761,0.356925971081541,-0.807598135766153,-0.703551615411768,NA,NA,-0.0934885427388162,-0.557571358799898,0.101665250456598,-0.409373571931781,-0.462311966259197,0.461406374547361
"244",2353,0.475323945478732,1.18505917182355,-0.254611386239742,0.0952704484040829,-0.397683664047706,0.294778354562149,-0.0717785444418738,0.0727229548676269,NA,-0.163847000720049,-0.019889345851978,-0.586394627523813,-0.0294306759367382,-0.553259404934102,1.07955196924026
"245",2403,-2.12664346362057,-1.33937106161424,-1.3966643583732,-0.650306485221538,0.249124594634506,1.08865396140305,0.09954974599064,1.06819703603141,NA,-0.363496642171069,-0.696328007302587,0.0207170295177258,0.3552417996765,-0.323725393040294,0.345504075542442
"246",2411,1.03952606224771,0.478218706460972,-1.06510059226994,0.521314410475866,-0.132326429716542,-0.478530526712928,-0.339478998242677,-0.14368445408102,NA,-0.106718338256655,0.413725180718925,-0.384024075176633,-0.319511559186065,-0.440657814193743,0.925015570567037
"247",2415,-0.0556898114803087,-0.269012642636614,-0.9914197553581,0.450307083463902,-0.629871244087474,0.422292053070274,-0.446559179762998,-0.100402972291291,NA,-0.206543158982165,0.344346856467581,-0.730945022057512,0.0273242794816084,-0.47963528791156,-0.27264151915046
"248",2424,0.0173245801015594,0.861932101943517,-0.623015570798921,1.51541698864336,-0.132326429716542,1.12978741253471,-0.114610617050002,0.63538221813411,NA,-0.205340450298725,1.36767713917491,-0.401370122520677,0.290604211561161,-0.518612761629376,-0.0408369211406219
"249",2441,-0.68626864786917,-0.470967061311637,-0.623015570798921,0.059766784898101,-0.397683664047706,-0.248183200375671,-1.02479215997273,-0.013840008711832,NA,-0.264273175787279,-0.0372339269148142,-0.569048580179769,-0.231226072979749,-0.514281931216285,0.693210972557199
"250",2464,0.130165003455356,0.922518427546024,-0.733536826166674,1.76394263318523,-0.240127806163577,1.58225537498289,0.345834163487378,0.116004436657356,0.915367860733285,-0.195117426489486,1.61050127405462,-0.476536327678201,0.464022130894998,-0.66153016526137,1.46589296592333
"251",2465,-0.0822404993282608,1.28603638116107,-0.659855989254839,1.62192797916131,0.191077699624564,1.77969594041483,-0.564347379435351,-1.48541038956263,-0.737264611812329,-0.214360765424524,1.47174462555193,-0.175871507048106,0.539695404786127,-0.618221861130463,0.500040474215667
"252",2472,-0.102153515214225,-0.430576177576633,-0.144090130871988,-1.53789807287109,-3.33319806883621,-1.30119954934599,NA,NA,NA,0.798319946031855,-1.44214499300454,-1.97986043082868,0.077773128742361,3.223224715281,-1.97254190455594
"253",2481,1.14572881363952,-0.41038073570913,1.55056911810024,-0.703561980480511,1.15299767407503,-1.0626255327824,2.09124112226861,NA,NA,0.130816626722721,-0.574915939862734,1.36792670657181,-0.380996094222608,1.04914784790946,NA
"254",2487,-4.31707521107661,-3.41950157396698,0.59271823824637,-1.37813158709417,-2.49566429797847,1.63572886145404,NA,NA,NA,3.3420488115072,1.03813009898103,7.10946837745036,14.4462360088205,2.97203655132174,NA
"255",2500,-1.44960092349779,-1.60191180589177,-1.21246226609361,-0.0112405421138629,-0.0576947075609021,0.619732618502209,-0.564347379435351,0.721945181713569,NA,-0.309374751416275,-0.0545785079776503,-0.239473680642933,0.147140296475896,-0.47963528791156,-0.0022028214723155
"256",2501,-0.825659759070918,-1.0364394336017,-1.21246226609361,0.521314410475866,1.62566524772742,0.278324974109488,-0.500099270523158,0.67866369992384,NA,-0.281712451697157,0.396380599656089,0.824417223125096,-0.0357367820943323,-0.375695357997383,0.384138175210748
"257",2520,-0.586703568439349,0.437827822725968,-0.696696407710756,0.113022280157074,-0.298174701173519,1.09688065162938,0.774154889568663,0.462256290975192,NA,-0.26006369539524,-0.00254476478914192,-0.517010438147637,0.277991999245973,-0.54459774410792,-1.27712811052643
"258",2521,-0.394211081541697,0.579195915798484,-0.733536826166674,0.468058915216893,0.356925971081541,0.619732618502209,1.11681147043369,0.159285918447086,NA,-0.242624419485361,0.344346856467581,-0.0602311914211459,0.0951149206757447,-0.393018679649746,-0.0794710208089282
"259",2525,-0.307921346035853,1.97268140465615,-0.80721766307851,1.35565050286644,-0.654748484806021,1.54112192385124,-0.521515306827222,-0.273528899450209,NA,-0.234806813043002,1.21157590960939,-0.7656371167456,0.448256865501013,-0.514281931216285,0.15233357720091
